{"accuracy": [0.6139412522315979, 0.8678853511810303, 0.9173056483268738, 0.9414894580841064, 0.9569101929664612, 0.965587854385376, 0.9719467759132385, 0.9760011434555054, 0.9794437885284424, 0.9832989573478699], "loss": [1.3101730346679688, 0.4175620973110199, 0.256395548582077, 0.1781509816646576, 0.13306662440299988, 0.10559413582086563, 0.08490923792123795, 0.07386595010757446, 0.06204633787274361, 0.05317310243844986], "val_accuracy": [0.8589233160018921, 0.9280104637145996, 0.9391645789146423, 0.9344980716705322, 0.9502048492431641, 0.9524242877960205, 0.9513999819755554, 0.9688709378242493, 0.9722854495048523, 0.9428067207336426], "val_loss": [0.4536319375038147, 0.228209987282753, 0.19152496755123138, 0.20492450892925262, 0.16025520861148834, 0.15340149402618408, 0.1627078354358673, 0.10302799195051193, 0.09650671482086182, 0.20350617170333862]}